timeStamp,elapsed,label,responseCode,responseMessage,threadName,dataType,success,failureMessage,bytes,sentBytes,grpThreads,allThreads,URL,Latency,IdleTime,Connect
1695547230663,21075,Transaction Controller for Pages,Non HTTP response code: java.net.URISyntaxException,,Thread Group 1 1-2,,false,,8474,0,2,2,null,0,0,0
1695547228163,24151,Transaction Controller for Pages,Non HTTP response code: java.net.URISyntaxException,,Thread Group 1 1-1,,false,,9686,0,2,2,null,0,0,0
1695547231259,0,javatpoint.com/python-tutorial/${region}/${country},Non HTTP response code: java.net.URISyntaxException,Non HTTP response message: Illegal character in path at index 40: https://javatpoint.com/python-tutorial/${region}/${country},Thread Group 1 1-1,text,false,Test failed: code expected to contain /200/,1211,0,2,2,https://javatpoint.com/python-tutorial/${region}/${country},0,0,0
1695547233675,0,javatpoint.com/python-if-else/${region}/${country},Non HTTP response code: java.net.URISyntaxException,Non HTTP response message: Illegal character in path at index 39: https://javatpoint.com/python-if-else/${region}/${country},Thread Group 1 1-2,text,false,Test failed: code expected to contain /200/,1210,0,2,2,https://javatpoint.com/python-if-else/${region}/${country},0,0,0
1695547234261,0,javatpoint.com/python-for-loop/${region}/${country},Non HTTP response code: java.net.URISyntaxException,Non HTTP response message: Illegal character in path at index 40: https://javatpoint.com/python-for-loop/${region}/${country},Thread Group 1 1-1,text,false,Test failed: code expected to contain /200/,1211,0,2,2,https://javatpoint.com/python-for-loop/${region}/${country},0,0,0
1695547236686,0,javatpoint.com/python-tutorial/${region}/${country},Non HTTP response code: java.net.URISyntaxException,Non HTTP response message: Illegal character in path at index 40: https://javatpoint.com/python-tutorial/${region}/${country},Thread Group 1 1-2,text,false,Test failed: code expected to contain /200/,1211,0,2,2,https://javatpoint.com/python-tutorial/${region}/${country},0,0,0
1695547237272,0,javatpoint.com/python-if-else/${region}/${country},Non HTTP response code: java.net.URISyntaxException,Non HTTP response message: Illegal character in path at index 39: https://javatpoint.com/python-if-else/${region}/${country},Thread Group 1 1-1,text,false,Test failed: code expected to contain /200/,1210,0,2,2,https://javatpoint.com/python-if-else/${region}/${country},0,0,0
1695547239692,0,javatpoint.com/python-for-loop/${region}/${country},Non HTTP response code: java.net.URISyntaxException,Non HTTP response message: Illegal character in path at index 40: https://javatpoint.com/python-for-loop/${region}/${country},Thread Group 1 1-2,text,false,Test failed: code expected to contain /200/,1211,0,2,2,https://javatpoint.com/python-for-loop/${region}/${country},0,0,0
1695547240285,0,javatpoint.com/python-tutorial/${region}/${country},Non HTTP response code: java.net.URISyntaxException,Non HTTP response message: Illegal character in path at index 40: https://javatpoint.com/python-tutorial/${region}/${country},Thread Group 1 1-1,text,false,Test failed: code expected to contain /200/,1211,0,2,2,https://javatpoint.com/python-tutorial/${region}/${country},0,0,0
1695547242705,0,javatpoint.com/python-if-else/${region}/${country},Non HTTP response code: java.net.URISyntaxException,Non HTTP response message: Illegal character in path at index 39: https://javatpoint.com/python-if-else/${region}/${country},Thread Group 1 1-2,text,false,Test failed: code expected to contain /200/,1210,0,2,2,https://javatpoint.com/python-if-else/${region}/${country},0,0,0
1695547243288,0,javatpoint.com/python-for-loop/${region}/${country},Non HTTP response code: java.net.URISyntaxException,Non HTTP response message: Illegal character in path at index 40: https://javatpoint.com/python-for-loop/${region}/${country},Thread Group 1 1-1,text,false,Test failed: code expected to contain /200/,1211,0,2,2,https://javatpoint.com/python-for-loop/${region}/${country},0,0,0
1695547245722,0,javatpoint.com/python-tutorial/${region}/${country},Non HTTP response code: java.net.URISyntaxException,Non HTTP response message: Illegal character in path at index 40: https://javatpoint.com/python-tutorial/${region}/${country},Thread Group 1 1-2,text,false,Test failed: code expected to contain /200/,1211,0,2,2,https://javatpoint.com/python-tutorial/${region}/${country},0,0,0
1695547246297,0,javatpoint.com/python-if-else/${region}/${country},Non HTTP response code: java.net.URISyntaxException,Non HTTP response message: Illegal character in path at index 39: https://javatpoint.com/python-if-else/${region}/${country},Thread Group 1 1-1,text,false,Test failed: code expected to contain /200/,1210,0,2,2,https://javatpoint.com/python-if-else/${region}/${country},0,0,0
1695547249308,0,javatpoint.com/python-tutorial/${region}/${country},Non HTTP response code: java.net.URISyntaxException,Non HTTP response message: Illegal character in path at index 40: https://javatpoint.com/python-tutorial/${region}/${country},Thread Group 1 1-1,text,false,Test failed: code expected to contain /200/,1211,0,2,2,https://javatpoint.com/python-tutorial/${region}/${country},0,0,0
1695547248733,0,javatpoint.com/python-for-loop/${region}/${country},Non HTTP response code: java.net.URISyntaxException,Non HTTP response message: Illegal character in path at index 40: https://javatpoint.com/python-for-loop/${region}/${country},Thread Group 1 1-2,text,false,Test failed: code expected to contain /200/,1211,0,2,2,https://javatpoint.com/python-for-loop/${region}/${country},0,0,0
1695547252314,0,javatpoint.com/python-for-loop/${region}/${country},Non HTTP response code: java.net.URISyntaxException,Non HTTP response message: Illegal character in path at index 40: https://javatpoint.com/python-for-loop/${region}/${country},Thread Group 1 1-1,text,false,Test failed: code expected to contain /200/,1211,0,2,2,https://javatpoint.com/python-for-loop/${region}/${country},0,0,0
1695547251737,0,javatpoint.com/python-if-else/${region}/${country},Non HTTP response code: java.net.URISyntaxException,Non HTTP response message: Illegal character in path at index 39: https://javatpoint.com/python-if-else/${region}/${country},Thread Group 1 1-2,text,false,Test failed: code expected to contain /200/,1210,0,2,2,https://javatpoint.com/python-if-else/${region}/${country},0,0,0
1695547269278,208676,Transaction Controller for Pages,Non HTTP response code: java.net.URISyntaxException,,Thread Group 1 1-2,,false,,1086635125,0,2,2,null,0,0,0
1695547266776,214522,Transaction Controller for Pages,Non HTTP response code: java.net.URISyntaxException,,Thread Group 1 1-1,,false,,1111911328,0,1,1,null,0,0,0
